Domain,"Example Url","Domain Authority Score",Rating,Source,"URL Type",Comment
annsbridalbargains.com,https://www.annsbridalbargains.com/wedding-invitations/,36,4,keywords,general,
forums.theknot.com,https://forums.theknot.com/discussion/1016082/wedding-invitation-animation,76,4,keywords,general,
animoto.com,https://animoto.com/blog/personal/how-to-make-an-invitation-video,53,4,keywords,blog,
theknot.com,https://www.theknot.com/paper/product/newspaper-wedding-invitations,76,4,keywords,general,
canva.com,https://www.canva.com/create/wedding-invitation-videos/,100,4,keywords,general,
etsy.com,https://www.etsy.com/market/newspaper_wedding_invitation,99,4,keywords,general,
forums.hitched.co.uk,https://forums.hitched.co.uk/chat/forums/thread/wedding-invitations-1165395/,65,4,keywords,forum,
perfectweddings.sg,https://www.perfectweddings.sg/weddingforum/threads/how-to-create-wedding-video-invitations.13752/,24,3,keywords,general,
shutterstock.com,https://www.shutterstock.com/video/search/forum-invite,100,3,keywords,general,
flexclip.com,https://www.flexclip.com/create/invitation-video.html,54,3,keywords,general,
elegantweddinginvites.com,https://www.elegantweddinginvites.com/wedding-blog/20-popular-wedding-invitation-wording-diy-templates-ideas/,37,3,keywords,general,
community.weddingwire.ca,https://community.weddingwire.ca/forums/online-invitations--t53357,50,3,keywords,forum,
newspaperclub.com,https://www.newspaperclub.com/blog/posts/25040-a-step-by-step-guide-to-create-your-own-wedding-newspaper-with-tons-of-examples,36,3,keywords,blog,
wishnwed.com,https://www.wishnwed.com/blog/5-awesome-tips-on-creating-video-invitation-for-your-wedding/,22,3,keywords,blog,
bogleheads.org,https://www.bogleheads.org/forum/viewtopic.php?t=446994,52,3,keywords,forum,
shutterfly.com,https://www.shutterfly.com/wedding/,82,3,keywords,general,
forums.redflagdeals.com,https://forums.redflagdeals.com/wedding-invitations-2672614/,61,3,keywords,general,
wbrc.com,https://www.wbrc.com/video/2025/12/30/making-last-minute-party-invitations-stand-out/,54,3,keywords,general,
hallmark.com,https://www.hallmark.com/cards/announcements/newspaper-flat-wedding-save-the-date-2PGM4100.html,67,3,keywords,general,
pe.search.yahoo.com,https://pe.search.yahoo.com/mobile/s?age=1w&ei=UTF-8&nojs=1&p=Wasabi,100,3,competitors,general,
zazzle.com,https://www.zazzle.com/newspaper+wedding+invitations,66,3,keywords,general,
weddingwire.com,https://www.weddingwire.com/wedding-forums/invitations/ae839747af441bd9.html,57,3,keywords,general,
adobe.com,https://www.adobe.com/express/create/video/invitation,100,3,keywords,general,
azbigmedia.com,https://azbigmedia.com/lifestyle/5-marriage-invitation-video-makers-that-make-diy-wedding-invites-effortless/,46,3,keywords,general,
trulyengaging.com,https://www.trulyengaging.com/shop/wedding-invitations,45,3,keywords,general,
trustedrevie.ws,https://trustedrevie.ws/reviews/videoinvites.net,31,3,competitors,review,
junebugweddings.com,https://junebugweddings.com/wedding-blog/category/blog-categories/wedding-invitations/,45,3,keywords,general,
today.com,https://www.today.com/video/87-year-old-s-party-invitations-go-viral-4pm-until-the-cops-arrive-231972933868,85,3,keywords,general,
xenforo.com,https://xenforo.com/community/threads/how-to-create-an-invite-forum-private-forum-with-forms-or-invitation.189066/,44,3,keywords,general,
greetingsisland.com,https://www.greetingsisland.com/invitations/wedding,65,3,keywords,general,
lucasgift.com,https://lucasgift.com/community/lucasgift-forums/topic/158382/top-10-video-invitations-ideas/post-325948,32,3,keywords,general,
simplytoimpress.com,https://www.simplytoimpress.com/cards/wedding-invitations,42,3,keywords,general,
dailynewshungary.com,https://dailynewshungary.com/say-goodbye-to-paper-wedding-invitation-video-templates-are-taking-over/,42,3,keywords,general,
papersource.com,https://www.papersource.com/collections/wedding-invitations,51,3,keywords,general,
chrome-stats.com,https://chrome-stats.com/d/com.wedmegood.planner,45,3,competitors,general,
utterlyprintable.com,https://www.utterlyprintable.com/blog/category/wedding-invitations/,32,3,keywords,blog,
sitelike.org,https://www.sitelike.org/similar/zowed.com/,43,3,competitors,general,
invideo.io,https://invideo.io/make/invitation-maker/,66,3,keywords,general,
git.flexsim.com,https://git.flexsim.com/blog/unique-wedding-invitation-videos-free-and-easy-1764801809,37,3,keywords,blog,
appbrain.com,https://www.appbrain.com/app/wedmegood-wedding-planner/com.wedmegood.planner,58,3,competitors,general,
selfanimate.com,https://www.selfanimate.com/categories/type/invitations,14,3,keywords,general,
greenvelope.com,https://www.greenvelope.com/designs/wedding-invitations,59,3,keywords,general,
paperlust.co,https://paperlust.co/blog/,41,3,keywords,blog,
minted.com,https://www.minted.com/product/wedding-invitations/MIN-NRI-INV/news,62,3,"keywords,competitors",news,
cnbc.com,https://www.cnbc.com/video/2025/08/25/its-a-big-premium-for-homeowners-to-move-right-now-says-invitation-homes-ceo-dallas-tanner.html,94,3,"keywords,competitors",general,
tiktok.com,https://www.tiktok.com/@goodnewscorrespondent/video/7466286416415231262,100,3,keywords,general,
dochipo.com,https://www.dochipo.com/email-banner-size/,44,2,competitors,general,
gm.search.yahoo.com,https://gm.search.yahoo.com/mobile/s?908547&ei=UTF-8&q=site%3Aaayyy.com,100,2,competitors,general,
analytics.explodingtopics.com,https://analytics.explodingtopics.com/website/wedmegood.com,54,2,competitors,general,
home.kangaroo.vn,https://home.kangaroo.vn/?h=2997123,40,2,competitors,general,
br.search.yahoo.com,https://br.search.yahoo.com/mobile/s?age=1w&ei=UTF-8&p=Gisela%2BDulko,100,2,competitors,general,
qz.com,https://qz.com/india/1782818/birkin-louis-vuitton-are-delhi-super-rich-womens-calling-card,58,2,competitors,general,
iedp.universite-paris-saclay.fr,https://www.iedp.universite-paris-saclay.fr/?i=1841715,51,2,competitors,general,
almrsal.com,https://www.almrsal.com/post/1412753,46,2,competitors,general,
meticulousink.com,https://meticulousink.com/products/wedding-invitations-forum,22,2,keywords,general,
dcfever.com,https://www.dcfever.com/news/readnews.php?id=28058,46,2,competitors,news,
vice.com,https://www.vice.com/ro/article/nunti-de-bogati-india/,74,2,competitors,general,
theorg.com,https://theorg.com/org/wedmegood,51,2,competitors,general,
fr.gridinsoft.com,https://fr.gridinsoft.com/online-virus-scanner/url/wedmegood-com,53,2,competitors,general,
createcards.io,https://createcards.io/online-canva-invitation-for/video-invitation,26,2,keywords,general,
popxo.com,https://www.popxo.com/article/bride-to-be-essentials/,31,2,competitors,general,
livechat.theninehertz.com,https://livechat.theninehertz.com/en/gsr-event-calendar.html,32,2,competitors,general,
cinnamon.mypixieset.com,https://cinnamon.mypixieset.com/about/,47,2,competitors,general,
test.essence.com,https://test.essence.com/love/weddings/bridal-bliss-madeliene-and-jasson-miami-wedding/,54,2,competitors,general,
weddingz.in,https://weddingz.in/blog/30-best-indian-bridal-hairstyles/,58,2,competitors,blog,
apartmentmarcello.home.blog,https://apartmentmarcello.home.blog/2020/03/14/flower-decoration-design-ideas-for-venues-in-bangalore/,65,2,competitors,general,
essence.com,https://www.essence.com/love/weddings/bridal-bliss-madeliene-and-jasson-miami-wedding/,54,2,competitors,general,
inc42.com,https://inc42.com/flash-feed/wedmegood-funding-ian/,49,2,competitors,general,
poptop.uk.com,https://www.poptop.uk.com/blog/best-ideas-for-your-wedding-photo-album/,41,2,competitors,blog,
de.accio.com,https://de.accio.com/business/lippenstift-trend-winter-2020,53,2,competitors,general,
ph.search.yahoo.com,https://ph.search.yahoo.com/mobile/s?age=1m&ei=UTF-8&first=1&p=Maham%2BBegum,100,2,competitors,general,
ozbargain.com.au,https://www.ozbargain.com.au/node/841891,61,2,competitors,general,
at.search.yahoo.com,https://at.search.yahoo.com/mobile/s?_intl=at&_lang=de&ei=UTF-8&fr2=p%3As%2Cv%3Aw%2Cm%3Akg-pasf%2Cct%3A&p=Archie%2BGouldie,100,2,competitors,general,
quotev.com,https://www.quotev.com/story/14611900/A-Rose-with-Thorns,59,2,competitors,news,
zoominfo.com,https://www.zoominfo.com/c/rishtey-events/363006274,70,2,competitors,general,
destinationksa.com,https://destinationksa.com/en/8-ways-to-have-a-green-wedding/,38,2,competitors,general,
cake.me,https://www.cake.me/me/nidhi-singhal,52,2,competitors,general,
getethnic.com,https://getethnic.com/blogs/banarasi_lehenga/,31,2,competitors,blog,
fiestroevents.home.blog,https://fiestroevents.home.blog/page/19/,65,2,competitors,general,
hauterrfly.com,https://hauterrfly.com/culture-2/this-bride-married-in-a-powerful-pant-suit/,43,2,competitors,general,
monitor.mozilla.org,https://monitor.mozilla.org/breach-details/WedMeGood,92,2,competitors,general,
magicpin.in,https://magicpin.in/blog/top-wedding-venues-delhi-ncr/,71,2,competitors,blog,
granthaalayahpublication.org,https://www.granthaalayahpublication.org/journals/granthaalayah/article/download/6130/5944?inline=1,36,2,competitors,general,
hdfclife.com,https://www.hdfclife.com/term-insurance-plans/1-crore-term-insurance,65,2,competitors,general,
fonearena.com,https://www.fonearena.com/blog/204151/uber-starts-rolling-out-uberweddings-for-12-cities-in-india.html,47,2,competitors,blog,
ask.metafilter.com,https://ask.metafilter.com/272027/India-Filter-Wedding-Guest-11th-Hour-Freak-Out-Edition,45,2,competitors,general,
lnk.bio,https://lnk.bio/A0kX,51,2,competitors,general,
fashion.mawdoo3.com,https://fashion.mawdoo3.com/r/%D8%A5%D9%84%D9%8A%D9%83-%D8%A3%D9%81%D8%B6%D9%84-%D9%83%D8%B1%D9%8A%D9%85-%D8%A3%D8%B3%D8%A7%D8%B3-%D9%84%D8%AC%D8%B3%D9%85-%D8%A7%D9%84%D8%B9%D8%B1%D9%88%D8%B3,73,2,competitors,general,
cupofjo.com,https://cupofjo.com/2025/10/21/would_you_wear_a_matching_wedding_look/,47,2,competitors,general,
it.search.yahoo.com,https://it.search.yahoo.com/mobile/s?ei=UTF-8&p=Leikanger&xargs=0,100,2,competitors,general,
geocities.ws,https://www.geocities.ws/wallpaper/waterfall-hairstyle.html,51,2,competitors,general,
az.search.yahoo.com,https://az.search.yahoo.com/mobile/s?172639&ei=UTF-8&q=site%3Aaayyy.com,100,2,competitors,general,
glance.com,https://glance.com/blogs/glanceai/fashion/wedding-outfit-planner-app-india,45,2,competitors,blog,
ana.rs,https://www.ana.rs/forum/index.php?topic=242499.795,40,2,competitors,forum,
wedsta-by-wedmegood.uptodown.com,https://wedsta-by-wedmegood.uptodown.com/android,88,2,competitors,general,
cyble.com,https://cyble.com/blog/indian-wedding-planning-website-wedmegood-breached-1-34-million-accounts-leaked-in-darkweb/,47,2,competitors,blog,
iphone.apkpure.com,https://iphone.apkpure.com/app/wedsta-by-wedmegood/com.wedmegood.wedsta,79,2,competitors,general,
tribune.com.pk,https://tribune.com.pk/story/1063900/curvy-brides-challenge-social-pressures-to-slim-down-for-wedding,65,2,competitors,news,
sindicato3.udec.cl,https://sindicato3.udec.cl/?s=10956223,51,2,competitors,general,
cool3c.com,https://www.cool3c.com/article/114609,47,2,competitors,general,
apps.apple.com,https://apps.apple.com/us/app/wedmegood-wedding-planner/id1043872365,100,2,competitors,general,
islanddiaries.knowledge.ca,https://islanddiaries.knowledge.ca/en/wedding-quote-template.html,39,2,competitors,general,
thehansindia.com,https://www.thehansindia.com/life-style/fashion/planning-a-wedding-here-are-some-latest-photography-trends-of-2019-you-should-know-549987,62,2,competitors,general,
newsbytesapp.com,https://www.newsbytesapp.com/news/lifestyle/tips-for-booking-the-perfect-wedding-venue/story,53,2,competitors,news,
pl.search.yahoo.com,https://pl.search.yahoo.com/mobile/s?b=43&ei=UTF-8&pz=7&q=pokimane%2Bage&xargs=0,100,2,competitors,general,
es.paperblog.com,https://es.paperblog.com/los-diy-mas-impresionantes-que-puedes-hacer-para-una-boda-2810344/,34,2,competitors,general,
brides.com,https://www.brides.com/the-luckiest-wedding-dates-for-2025-8768439,70,2,competitors,general,
udaipurkiran.com,https://udaipurkiran.com/5-things-to-consider-before-booking-your-wedding-venue-in-udaipur/,40,2,competitors,general,
houseofindya.com,https://www.houseofindya.com/asfeaturedin,48,2,competitors,general,
wordpress.com,https://wordpress.com/forums/topic/invite-doesnt-work-1/,76,2,keywords,forum,
thequint.com,https://www.thequint.com/neon/social-buzz/you-should-say-i-do-to-these-3-shaadi-websites-before-the-shaadi,55,2,competitors,general,
de.search.yahoo.com,https://de.search.yahoo.com/mobile/s?ei=UTF-8&norw=1&p=Tim%2BPowles,100,2,competitors,general,
wikihow.life,https://www.wikihow.life/Dress-in-a-Ghagra-Choli-(Indian-Dress),43,2,competitors,general,
seositecheckup.com,https://seositecheckup.com/seo-audit/videoinvites.net,50,2,competitors,general,
vccircle.com,https://www.vccircle.com/wedmegood-secures-407k-ian,45,2,competitors,general,
brit.co,https://www.brit.co/trash-your-wedding-dress-photos/,54,2,competitors,general,
te.wikipedia.org,https://te.wikipedia.org/wiki/%E0%B0%B5%E0%B0%BE%E0%B0%B8%E0%B1%81%E0%B0%95%E0%B0%BF_%E0%B0%B8%E0%B1%81%E0%B0%82%E0%B0%95%E0%B0%B5%E0%B0%B2%E0%B1%8D%E0%B0%B2%E0%B0%BF,100,2,competitors,wiki,
huffpost.com,https://www.huffpost.com/entry/100-years-of-indian-beauty-video_n_7455412,76,2,competitors,general,
kgpconnect.substack.com,https://kgpconnect.substack.com/p/kgp-angels,82,2,competitors,general,
fi.search.yahoo.com,https://fi.search.yahoo.com/mobile/s?b=29&ei=UTF-8&pz=7&q=Duncanville%2BHigh%2BSchool&xargs=0,100,2,competitors,general,
bangla.popxo.com,https://bangla.popxo.com/article/flower-jewellery-in-bengali/,31,2,competitors,general,
tripoto.com,https://www.tripoto.com/paris/trips/beautiful-traditional-dresses-from-around-the-whole-world-56728adce2b36,57,2,competitors,general,
appadvice.com,https://appadvice.com/app/wedmegood-wedding-planner/1043872365,50,2,competitors,general,
yourstory.com,https://yourstory.com/2015/09/wedmegood-funding,52,2,competitors,general,
tr.search.yahoo.com,https://tr.search.yahoo.com/mobile/s?age=1m&ei=UTF-8&q=millie%2Bbobby%2Bbrown,100,2,competitors,general,
so.city,https://so.city/delhi/article/get-hitched-in-style-6-wedding-websites-to-bookmark-when-planning-a-wedding,40,2,competitors,general,
belezagoa.com,https://belezagoa.com/blog/goa-destination-wedding-2026-guide/,34,2,competitors,blog,
leadiq.com,https://leadiq.com/c/eicher-goodearth-pvt-ltd/5a1d968e2300005b00852db9,44,2,competitors,general,
portail.univ-biskra.dz,https://portail.univ-biskra.dz/download/8l2azu9/article.php?id=south-of-france-wedding-venues-budget,39,2,competitors,general,
ticketfairy.com,https://www.ticketfairy.com/events-in-bengaluru/foxtrot-house-of-subculture,41,2,competitors,general,
fr.search.yahoo.com,https://fr.search.yahoo.com/mobile/s?ei=UTF-8&p=Emma,100,2,competitors,general,
blog.metrobrazil.com,https://blog.metrobrazil.com/ar/%D9%84%D9%84%D8%B9%D8%B1%D9%88%D8%B3%D8%B7%D8%B1%D9%82-%D8%A7%D9%84%D8%B9%D9%86%D8%A7%D9%8A%D8%A9-%D8%A8%D8%A7%D9%84%D8%AC%D8%B3%D9%85-%D9%88%D8%A7%D9%84%D8%B4%D8%B9%D8%B1-%D8%A8%D8%B7%D8%B1%D9%82/,37,2,competitors,blog,
dreamcast.in,https://www.dreamcast.in/blog/virtual-event-ideas/,34,2,competitors,blog,
refrens.com,https://www.refrens.com/vaishnavi-bindal,45,2,competitors,general,
equentis.com,https://www.equentis.com/blog/category/economy/page/6/,38,2,competitors,blog,
recetas.paraguay.com,https://recetas.paraguay.com/wp-content/faoejf/greenworks/252184425cf64,39,2,competitors,general,
techwireasia.com,https://techwireasia.com/2016/11/india-uber-multi-billion-dollar-wedding-industry-uberweddings/,39,2,competitors,general,
sentinelassam.com,https://www.sentinelassam.com/more-news/life/gorgeous-indian-bridal-hairstyles-for-your-wedding-day,50,2,competitors,general,
hindutamil.in,https://www.hindutamil.in/news/supplements/ilamai-puthumai/178893-.html,47,2,competitors,news,
hackernoon.com,https://hackernoon.com/company/fit3d,49,2,competitors,general,
hipwee.com,https://www.hipwee.com/wedding/tren-adventuremoon/,39,2,competitors,general,
chfr.search.yahoo.com,https://chfr.search.yahoo.com/mobile/sapp?appid=Dgm75h6o&ei=UTF-8&norw=1&p=Ready%2Bto%2BRumble&xargs=0,100,2,competitors,general,
prashantkamble.page.tl,https://prashantkamble.page.tl/Indian-Wedding-Ecards.htm,36,2,competitors,general,
blog.stylishwedd.com,https://blog.stylishwedd.com/,21,2,keywords,blog,
glassdoor.com,"https://www.glassdoor.com/Overview/Working-at-WedMeGood-EI_IE1372080.11,20.htm",78,2,competitors,general,
chaos.data.blog,https://chaos.data.blog/2021/04/15/4-essential-bridal-jewellery-for-every-bride/,35,2,competitors,general,
bridesmaidforhire.com,https://bridesmaidforhire.com/wedding-venues-in-bangalore/,39,2,competitors,general,
onelink.to,http://onelink.to/4yrqbh,57,2,competitors,general,
cntraveler.com,https://www.cntraveler.com/story/this-is-indias-most-romantic-and-priciest-wedding-destination,72,2,competitors,news,
tw.search.yahoo.com,https://tw.search.yahoo.com/mobile/s?ei=UTF-8&fl=0&p=%E4%BD%95%E9%B8%BF%E7%87%8A&rd=r2,100,2,competitors,general,
myinvitationvideo.com,https://www.myinvitationvideo.com/blog/,2,2,keywords,blog,
in.search.yahoo.com,https://in.search.yahoo.com/mobile/s?ei=UTF-8&q=Save%2Bthe%2BDate,100,2,competitors,general,
indiatimes.com,https://www.indiatimes.com/culture/mumbai-couple-who-met-with-an-accident-on-the-same-spot-and-day-3-years-apart-is-now-married-342224.html,100,2,competitors,general,
as.search.yahoo.com,https://as.search.yahoo.com/mobile/s?176117&ei=UTF-8&q=site%3Aaayyy.com,100,2,competitors,general,
failory.com,https://www.failory.com/startups/events,42,2,competitors,general,
bollywoodshaadis.com,https://www.bollywoodshaadis.com/articles/rajpur-wedding-marks-a-royal-affair-16644,63,2,competitors,general,
il.search.yahoo.com,https://il.search.yahoo.com/mobile/s?813256&ei=UTF-8&q=site%3Adigwow.net,100,2,competitors,general,
darkcupproduction.mypixieset.com,https://darkcupproduction.mypixieset.com/feature-weddings/,50,2,competitors,general,
mail.apsense.com,https://mail.apsense.com/user/invitoi,33,2,competitors,general,
allwomenstalk.com,https://allwomenstalk.com/fr/54563b4744835a24a2105067/,38,2,competitors,general,
indiacustomercare.com,https://www.indiacustomercare.com/wedmegood-customer-care-no,55,2,competitors,general,
cafemom.com,https://cafemom.com/lifestyle/indian-wedding-traditions,52,2,competitors,general,
hindi.scoopwhoop.com,https://hindi.scoopwhoop.com/lifestyle/best-hotels-in-lucknow/,50,2,competitors,general,
reporterlive.com,https://www.reporterlive.com/money/business/2024/12/09/6-trillion-spends-in-wedding-industry,38,2,competitors,general,
blogs.urz.uni-halle.de,https://blogs.urz.uni-halle.de/politikwissenschaft/2022/01/neu-erschienen-zparl-4-2021-rund-um-die-corona-pandemie/,50,2,competitors,general,
artfulpixels.com,https://www.artfulpixels.com/products/sample-4-page-newspaper-invitation-suite,15,2,keywords,general,
shailendrabisht.substack.com,https://shailendrabisht.substack.com/p/you-are-in-the-right-place,82,2,competitors,general,
community.coreldraw.com,https://community.coreldraw.com/talk/coreldraw_community/f/community-site-general-questions/67920/thumbnail-looks-blurry-when-used-in-video-template-need-advice,60,2,competitors,general,
banker.bg,https://banker.bg/2024/12/10/svatbite-indiya-rast-luksozni-produkti/,39,2,competitors,general,
accio.com,https://www.accio.com/business/new_trend_mehndi_design,53,2,competitors,general,
dev.essence.com,https://dev.essence.com/love/weddings/bridal-bliss-madeliene-and-jasson-miami-wedding/,54,2,competitors,general,
alphacommunity.in,https://alphacommunity.in/member/alpha-215640/,42,2,competitors,general,
juliakaydesign.com,https://juliakaydesign.com/blogs/juliakaydesign,19,2,keywords,blog,
myamcat.com,https://www.myamcat.com/jobs/description/backend-developer-in-wedmegood-in-gurgaon/44337,39,2,competitors,general,
curlytales.com,https://curlytales.com/honeymoon-experience-get-super-romantic-cozy-igloo/,48,2,competitors,general,
wedmegood-wedding-planner.uptodown.com,https://wedmegood-wedding-planner.uptodown.com/android,88,2,competitors,general,
liveindianpainter2.odoo.com,https://liveindianpainter2.odoo.com/,71,2,competitors,general,
fbsp.ftu.edu.vn,https://fbsp.ftu.edu.vn/?f=251879715,49,2,competitors,general,
boldsky.com,https://www.boldsky.com/fashion/trends/fashionable-indian-state-uttar-pradesh-088813.html,50,2,competitors,general,
video-invites.uptodown.com,https://video-invites.uptodown.com/android,88,2,competitors,general,
chocolate-koala-240412.hostingersite.com,https://chocolate-koala-240412.hostingersite.com/puff-sleeve/,41,2,competitors,general,
shamanimkar.medium.com,https://shamanimkar.medium.com/cake-d%C3%A9cor-redefining-the-art-of-baking-12fc2d0fd518,96,2,competitors,general,
lbb.in,https://lbb.in/delhi/anita-dongre-8ca880/,62,2,competitors,general,
wedding.allwomenstalk.com,https://wedding.allwomenstalk.com/stunning-indian-wedding-outfits/,38,2,competitors,general,
id.search.yahoo.com,https://id.search.yahoo.com/mobile/s?b=43&ei=UTF-8&pz=7&q=tuak%2Badalah&xargs=0,100,2,competitors,general,
qa.essence.com,https://qa.essence.com/love/weddings/bridal-bliss-madeliene-and-jasson-miami-wedding/,54,2,competitors,general,
fj.search.yahoo.com,https://fj.search.yahoo.com/mobile/s?041313&ei=UTF-8&q=site%3Aaayyy.com,100,2,competitors,general,
mediumvioletred-chicken-299305.hostingersite.com,https://mediumvioletred-chicken-299305.hostingersite.com/12-best-places-for-destination-weddings-in-india-for-2023/,40,2,competitors,general,
kn.wikipedia.org,https://kn.wikipedia.org/wiki/%E0%B2%B8%E0%B2%82%E0%B2%A6%E0%B3%80%E0%B2%AA%E0%B3%8D_%E0%B2%B9%E0%B3%8A%E0%B2%B3%E0%B3%8D%E0%B2%B3,100,2,competitors,wiki,
scroll.in,https://scroll.in/article/928743/what-their-big-fat-auli-wedding-revealed-about-the-gupta-family-and-indias-elites,66,2,competitors,general,
dhanikachoksiphotography.mypixieset.com,https://dhanikachoksiphotography.mypixieset.com/about/,50,2,competitors,general,
startupxplore.com,https://startupxplore.com/en/startups/wedmegood,37,2,competitors,general,
theprint.in,https://theprint.in/feature/a-big-fat-delhi-farmhouse-wedding-went-on-a-green-diet-lab-grown-diamonds-and-vegan-menu/1360747/,68,2,competitors,general,
idiva.com,https://www.idiva.com/relationships-love/relationships/in-pics-happy-brides-turning-yellow-for-their-haldi-ceremony/15061838,51,2,competitors,general,
highperformr.ai,https://www.highperformr.ai/company/wedmegood,39,2,competitors,general,
cutshort.io,https://cutshort.io/company/wedmegood-M2TzICnc,39,2,competitors,general,
epitomepapers.com,https://www.epitomepapers.com/blog,18,2,keywords,blog,
sassymamasg.com,https://www.sassymamasg.com/fabulous-ways-to-drape-a-saree/,49,2,competitors,general,
community.rsvpify.com,https://community.rsvpify.com/hc/en-us/community/posts/14764735553684-How-do-you-embed-videos-in-an-email-invitation,45,2,keywords,general,
hindi.feminisminindia.com,https://hindi.feminisminindia.com/2023/02/09/marriage-name-change-for-women-and-indian-society-hindi/,42,2,competitors,general,
cl.search.yahoo.com,https://cl.search.yahoo.com/mobile/s?age=1d&ei=UTF-8&norw=1&p=Welton%2BGite,100,2,competitors,general,
scoopwhoop.com,https://www.scoopwhoop.com/topic/wedding-budget-20-lakhs/,50,2,competitors,general,
growjo.com,https://growjo.com/company/SVG_Media,40,2,competitors,general,
hk.search.yahoo.com,https://hk.search.yahoo.com/mobile/s?age=1m&ei=UTF-8&q=gamu,100,2,competitors,general,
behance.net,https://www.behance.net/Pragna_VKrishna,80,2,competitors,general,
whatshot.in,https://www.whatshot.in/delhi-ncr/wedmegood.com-v-169283,48,2,competitors,general,
castleresorts.com,https://www.castleresorts.com/?c=35656617,38,2,competitors,general,
de.gridinsoft.com,https://de.gridinsoft.com/online-virus-scanner/url/wedmegood-com,53,2,competitors,general,
fabriclore.com,https://fabriclore.com/blogs/journal/men-s-wedding-fashion-trends-2017-18,41,2,competitors,blog,
motionstamp.com,https://motionstamp.com/,22,2,keywords,general,
apsense.com,https://www.apsense.com/user/invitoi,34,2,competitors,general,
blog.raynatours.com,https://blog.raynatours.com/best-destination-wedding-countries/,43,2,competitors,blog,
no.search.yahoo.com,https://no.search.yahoo.com/mobile/s?b=50&ei=UTF-8&pz=7&q=what%2Bwebs&xargs=0,100,2,competitors,general,
ayushdas.myportfolio.com,https://ayushdas.myportfolio.com/a-star-studded-wedding,45,2,competitors,general,
es.gridinsoft.com,https://es.gridinsoft.com/online-virus-scanner/url/wedmegood-com,53,2,competitors,general,
glam.com,https://www.glam.com/1131469/astrologers-say-these-are-luckiest-days-to-have-a-wedding-in-2023/,49,2,competitors,general,
ca.search.yahoo.com,https://ca.search.yahoo.com/mobile/s?ei=UTF-8&p=Yasushi%2BShiina,100,2,competitors,general,
shopkhoj.com,https://www.shopkhoj.com/indian-brides-wedding-outfits/,42,2,competitors,general,
beta.aaj.tv,https://beta.aaj.tv/news/30265247,49,2,competitors,news,
6wresearch.com,https://www.6wresearch.com/market-takeaways-view/how-big-is-the-market-of-wedding-tourism,40,2,competitors,general,
easyleadz.com,https://www.easyleadz.com/company/wedmegood,37,2,competitors,general,
audiala.com,https://audiala.com/fr/inde/bombay/cooperage-ground,34,2,competitors,general,
support.tmf.bg.ac.rs,http://support.tmf.bg.ac.rs/?cat=54,61,2,competitors,general,
seafoodsupplychain.aboutseafood.com,https://seafoodsupplychain.aboutseafood.com/how-to-start-a-good-connection-with-a-girlfriend/,39,2,competitors,general,
techreviewer.co,https://techreviewer.co/blog/amazing-wedding-website-examples,40,2,competitors,blog,
crunchbase.com,https://www.crunchbase.com/organization/wedmegood,73,2,competitors,general,
roaminggoblin.myportfolio.com,https://roaminggoblin.myportfolio.com/wedding-portraits,45,2,competitors,general,
malaysia.search.yahoo.com,https://malaysia.search.yahoo.com/mobile/s?_tsrc=apple&ei=UTF-8&p=Sh%C5%8Dhei%2BImamura,100,2,competitors,general,
blogs.brighton.ac.uk,https://blogs.brighton.ac.uk/ad313yr201516/2016/05/05/vasiliki-derpanopoulou/,48,2,competitors,general,
gadgets360.com,https://www.gadgets360.com/apps/news/india-funding-roundup-bueno-plabro-wedmegood-xstok-briston-technomach-741566,74,2,competitors,news,
test.smartcanucks.ca,https://test.smartcanucks.ca/?t=8462114,43,2,competitors,general,
in.askmen.com,https://in.askmen.com/style-grooming/1112136/topten/6-ways-to-look-the-best-on-your-wedding-day?p=2,47,2,competitors,general,
medianama.com,https://www.medianama.com/2016/11/223-uberwedding-india/,46,2,competitors,general,
aaj.tv,https://www.aaj.tv/news/30265247,49,2,competitors,news,
pt.gridinsoft.com,https://pt.gridinsoft.com/online-virus-scanner/url/wedmegood-com,53,2,competitors,general,
layalina.com,https://www.layalina.com/%D9%86%D9%82%D8%B4-%D8%AD%D9%86%D8%A7%D8%A1-%D8%A8%D8%B3%D9%8A%D8%B7-%D9%84%D9%84%D8%A7%D8%B5%D8%A7%D8%A8%D8%B9-688216.html,44,2,competitors,general,
pt.search.yahoo.com,https://pt.search.yahoo.com/mobile/s?609164&ei=UTF-8&q=site%3Aaayyy.com,100,2,competitors,general,
adsoftheworld.com,https://www.adsoftheworld.com/brands/wedmegood,50,2,competitors,general,
nl.search.yahoo.com,https://nl.search.yahoo.com/mobile/s?b=1&ei=UTF-8&p=chinese%2Bkool&pz=7,100,2,competitors,general,
pk.search.yahoo.com,https://pk.search.yahoo.com/mobile/s?670027&ei=UTF-8&q=site%3Aaayyy.com,100,2,competitors,general,
invitoai.foroactivo.com,https://invitoai.foroactivo.com/t2-has-anyone-tried-ai-for-creating-invitations-i-just-found-this-tool,39,2,competitors,general,
internshala.com,https://internshala.com/company/wedmegood-1430504715/,59,2,competitors,general,
invito-video-invitation-maker.uptodown.com,https://invito-video-invitation-maker.uptodown.com/android,88,2,competitors,general,
list.ly,https://list.ly/list/8a1e-professional-makeup-artist-in-chandigarh,40,2,competitors,general,
roulletecasino.home.blog,https://roulletecasino.home.blog/2019/07/20/tips-menghindari-kekalahan-saat-bermain-adu-q-online/,64,2,competitors,general,
boredpanda.com,https://www.boredpanda.com/woman-attends-wrong-wedding/,74,2,competitors,general,
in.bold.pro,https://in.bold.pro/my/pranshu-sharma-231221153732,41,2,competitors,general,
blog.cherishx.com,https://blog.cherishx.com/mehndi-function-decoration/,41,2,competitors,blog,
starterstory.com,https://www.starterstory.com/wedding-planner-business-web-designs,46,2,competitors,general,
businessoutreach.in,https://www.businessoutreach.in/successful-indian-couplepreneurs/,38,2,competitors,general,
buzzfeed.com,https://www.buzzfeed.com/emmacooke24/just-cute-news,82,2,competitors,general,
locobuzz.com,https://locobuzz.com/blogs/top-30-women-entrepreneurs-in-india/,39,2,competitors,blog,
co.search.yahoo.com,https://co.search.yahoo.com/mobile/s?age=1w&ei=UTF-8&norw=1&q=Jackson%2BBandeira,100,2,competitors,general,
invitationsvideo.com,https://invitationsvideo.com/,2,2,keywords,general,
weddingsutra.com,https://weddingsutra.com/bride/bridal-fashion/20-plus-exquisite-panchladas-and-satladas-for-the-quintessentially-royal-bride/,40,2,competitors,general,
linktr.ee,https://linktr.ee/aalishanzaika,89,2,competitors,general,
storypick.com,https://storypick.com/8-things-indian-brides-say-really-mean/,35,2,competitors,general,
m.weddingz.in,https://m.weddingz.in/blog/latest-lehenga-blouse-designs/,58,2,competitors,blog,
spjain.org,https://www.spjain.org/blog/articles/alumni-stories-bba-varnika-aggarwal-founder-all-about-love,41,2,competitors,blog,
thelist.com,https://www.thelist.com/209728/the-most-creative-henna-tattoo-ideas-for-2020/,54,2,competitors,general,
sg.search.yahoo.com,https://sg.search.yahoo.com/mobile/s?age=1d&ei=UTF-8&q=Cherie%2BEffron,100,2,competitors,general,
guard.io,https://guard.io/blog/breached-data-from-26-companies-is-up-for-sale-are-you-affected,48,2,competitors,blog,
bugzilla.mozilla.org,https://bugzilla.mozilla.org/show_bug.cgi?id=1166281,92,2,competitors,general,
vogue.in,https://www.vogue.in/story/plan-whole-wedding-app/,68,2,competitors,news,
cantonfair.net,https://www.cantonfair.net/location/17818-hyderabad-sandhya-convention-by-nimantran-telangana-india,34,2,competitors,general,
stanzaliving.com,https://www.stanzaliving.com/blog/biryani-in-hyderabad-2,45,2,competitors,blog,
gridinsoft.com,https://gridinsoft.com/online-virus-scanner/url/wedmegood-com,53,2,competitors,general,
stylish-henna.jimdosite.com,https://stylish-henna.jimdosite.com/about-me/,65,2,competitors,general,
mic.com,https://www.mic.com/articles/137273/these-indian-women-have-had-enough-with-wedding-body-shaming,49,2,competitors,general,
ch.search.yahoo.com,https://ch.search.yahoo.com/mobile/s?_tsrc=apple&age&btf&ei=UTF-8&fr2=showall&p=lots%2Bof%2Bmud,100,2,competitors,general,
weddingvibe.com,https://weddingvibe.com/blog/10-easy-wedding-invitation-video-ideas/,28,2,keywords,blog,
ar.search.yahoo.com,https://ar.search.yahoo.com/mobile/s?age=1w&ei=UTF-8&fr2=p%3As%2Cv%3Aw%2Cm%3AsbRoster&p=Jota,100,2,competitors,general,
110.imcp.org.mx,http://110.imcp.org.mx/7hrw0g3/how-to-email-a-caterer,37,2,competitors,general,
decs.cucsh.udg.mx,http://decs.cucsh.udg.mx/sites/default/files/mkvl/banfi-wine-brands-near-thailand.html,68,2,competitors,general,
cntraveller.in,https://www.cntraveller.in/story/udaipur-rajasthan-destination-wedding-venue-price-cost-lake-palace-pichola/,60,2,competitors,news,
lusha.com,https://www.lusha.com/business/f934e61ec22aadab/,53,2,competitors,general,
offers.myhubble.money,https://offers.myhubble.money/blog/a-guide-to-planning-a-budget-friendly-wedding-without-compromising-on-style,38,2,competitors,blog,
tatanexarc.com,https://www.tatanexarc.com/company/fabeventz-utn1739fab42itf/,42,2,competitors,general,
gr.search.yahoo.com,https://gr.search.yahoo.com/mobile/s?age=1m&ei=UTF-8&fr2=12642&q=arredo%2Bbagno,100,2,competitors,general,
es.search.yahoo.com,https://es.search.yahoo.com/mobile/s?age&btf&ei=UTF-8&fr2=showall&p=Hori,100,2,competitors,general,
ndtv.com,https://www.ndtv.com/offbeat/viral-video-iphone-themed-wedding-invitation-leaves-internet-intrigued-6942902,99,2,"keywords,competitors",general,
purejewels.co.in,https://purejewels.co.in/,20,1,competitors,general,
dipakstudios.com,https://www.dipakstudios.com/,19,1,competitors,general,
dsource.idc.iitb.ac.in,https://dsource.idc.iitb.ac.in/resource/gangaur-festival-rajasthan/pooja-vidhi,62,1,competitors,general,
getweddie.com,https://www.getweddie.com/,16,1,competitors,general,
knowledgenest.blog,https://knowledgenest.blog/top-indian-wedding-songs/,28,1,competitors,general,
linkcentre.com,https://www.linkcentre.com/news/new-trends-in-indian-bridal-wear/,30,1,competitors,news,
weddingsbyneerajkamra.com,https://www.weddingsbyneerajkamra.com/,25,1,competitors,general,
dsource.in,https://dsource.in/resource/gangaur-festival-rajasthan/pooja-vidhi,42,1,competitors,general,
livelyletter.com,https://www.livelyletter.com/the-lively-blog/,7,1,keywords,general,
grandpalaces.home.blog,https://grandpalaces.home.blog/2019/07/28/mehndi-designs-for-2019-brides-100-unique-designs/,64,1,competitors,general,
realweddings.com.au,https://www.realweddings.com.au/rw/blog/diya-and-pulkits-wedding-doltone-house/,25,1,competitors,blog,
vivekkrishnan.com,https://vivekkrishnan.com/,19,1,competitors,general,
sweet-n-sour.in,https://sweet-n-sour.in/,12,1,competitors,general,
korofilms.com,https://korofilms.com/,17,1,competitors,general,
dreammakersevent.com,https://www.dreammakersevent.com/,12,1,competitors,general,
eventgurus.co.in,https://eventgurus.co.in/,15,1,competitors,general,
poonamlalwani.com,https://www.poonamlalwani.com/,26,1,competitors,general,
stylesatlife.com,https://stylesatlife.com/articles/engagement-dresses-for-men/,30,1,competitors,general,
vanitynoapologies.com,https://vanitynoapologies.com/50-best-bridal-mehendi-designs-for-hands-wedding-list-gallery/,19,1,competitors,general,
login.idc.iitb.ac.in,http://login.idc.iitb.ac.in/resource/gangaur-festival-rajasthan/pooja-vidhi,62,1,competitors,general,
kwikpic.in,https://www.kwikpic.in/blog/wedding-photographers-in-pune/,30,1,competitors,blog,
bridalmusings.com,https://bridalmusings.com/191005/engagement-party-decorations/,36,1,competitors,general,
oindrilade.com,https://oindrilade.com/2020/02/19/7-gorgeous-pre-wedding-photoshoot-destinations-to-rock-your-d-day-countdown/,19,1,competitors,general,
thesmartlocal.com,https://thesmartlocal.com/read/hotels-resorts-southeast-asia/,48,1,competitors,general,
flywayeinvite.com,https://flywayeinvite.com/creating-an-eye-catching-wedding-video-invitation/,2,1,keywords,general,
djindelhincr.in,https://djindelhincr.in/wedding-photographer-in-delhi-ncr/,20,1,competitors,general,
bridesofsonam.com,https://bridesofsonam.com/bridal-makeup-in-dehradun/,13,1,competitors,general,
aiting.com,https://www.aiting.com/video-invitation-maker-app/com.videoinvites.app,27,1,competitors,general,
appdb.org,https://www.appdb.org/android/developers/2172,2,1,competitors,general,
emori.in,https://emori.in/,15,1,competitors,general,
rrhotel.in,https://rrhotel.in/,17,1,competitors,general,
4mark.net,http://www.4mark.net/story/10599689/cureus,28,1,competitors,news,
thestylesalad.in,https://www.thestylesalad.in/,23,1,competitors,general,
sohnijuneja.com,https://sohnijuneja.com/,23,1,competitors,general,
meltingflowers.com,https://www.meltingflowers.com/,21,1,competitors,general,
androidrank.org,https://androidrank.org/developer?id=7907734085543736597,26,1,competitors,general,
blogs.windows.com,https://blogs.windows.com/devices/2015/01/09/get-married-lumia-style-selfieshaadi-contest-take-part/,54,1,competitors,general,
blogger.com,https://www.blogger.com/profile/18003629753574543852,74,1,competitors,general,
mumbaikarsperspective.com,https://www.mumbaikarsperspective.com/fashion/Top-10-Maharashtrian-Wedding-Looks-In-2022/cid6669156.htm,24,1,competitors,general,
blog.redcarpetevents.in,https://blog.redcarpetevents.in/,11,1,competitors,blog,
offbeatwed.com,https://offbeatwed.com/wedding-photography-secrets/,38,1,competitors,general,
tecdud.com,https://www.tecdud.com/bells-n-rings-matrimony/,14,1,competitors,general,
onefabday.com,https://onefabday.com/single-serve-mini-wedding-cakes/,46,1,competitors,general,
adme.media,https://adme.media/articles/14-svadebnyh-ceremonij-kotorye-voshli-v-istoriyu-kak-samye-dorogie-2507386/,50,1,competitors,general,
binapunjani.com,https://www.binapunjani.com/bridals,11,1,competitors,general,
weddingsandeventsbyamitesh.com,https://weddingsandeventsbyamitesh.com/,19,1,competitors,general,
catrionajeffries.com,https://catrionajeffries.com/?c=92643917,28,1,competitors,general,
plan2winsoftware.com,https://plan2winsoftware.com/post/seven-best-mobile-apps-for-wedding-invitation-videos.html,17,1,competitors,general,
hilltoppalace.com,http://www.hilltoppalace.com/,21,1,competitors,general,
bp-guide.in,https://bp-guide.in/AXgeATAT,24,1,competitors,general,
thebeginning.in,https://www.thebeginning.in/,12,1,competitors,general,
top10company.in,https://www.top10company.in/top-10-makeup-artists-delhi-2017.html,11,1,competitors,general,
ec2-18-61-13-26.ap-south-2.compute.amazonaws.com,http://ec2-18-61-13-26.ap-south-2.compute.amazonaws.com/25-top-indian-web-apps-companies-and-startups-of-2021/,100,1,competitors,general,
somethingturquoise.com,https://somethingturquoise.com/2017/02/14/25-valentine-inspired-wedding-ideas/,35,1,competitors,general,
en.bharatpedia.org,https://en.bharatpedia.org/wiki/Saath_Nibhaana_Saathiya,43,1,competitors,wiki,
anthillventures.com,https://anthillventures.com/,28,1,competitors,general,
gurimakeup.com,https://gurimakeup.com/,13,1,competitors,general,
momooze.com,https://www.momooze.com/fun-easy-bachelorette-party-games/,29,1,competitors,general,
candidlifephotography.in,https://candidlifephotography.in/pre-wedding-shoot-locations-in-jaipur-2/,26,1,competitors,general,
rainforestigatpuri.com,https://rainforestigatpuri.com/,13,1,competitors,general,
coolvideoinvitations.com,https://coolvideoinvitations.com/,6,1,keywords,general,
banudesigns.com,https://banudesigns.com/blogs/ethnicfashion/mehndi-ceremony,27,1,competitors,blog,
blackdiamondcaterer.com,https://www.blackdiamondcaterer.com/,11,1,competitors,general,
tumhihoevents.com,https://www.tumhihoevents.com/,16,1,competitors,general,
sequone.com,https://sequone.com/en/app/com.videoinvites.app,2,1,competitors,general,
askai.glarity.app,https://askai.glarity.app/search/How-can-I-create-a-housewarming-video-invitation,30,1,competitors,general,
lakshayasilksarees.com,https://lakshayasilksarees.com/,22,1,competitors,general,
clubforest.in,https://clubforest.in/,12,1,competitors,general,
baggout.com,https://baggout.com/blog/2023/05/23/best-designer-boutiques-in-bangalore/,23,1,competitors,blog,
shaandaarevents.com,https://shaandaarevents.com/wedding-planner-in-udaipur/,27,1,competitors,general,
postoast.com,https://www.postoast.com/top-clothing-brands-in-india/,27,1,competitors,general,
theorchidphotography.com,https://theorchidphotography.com/,2,0,competitors,general,
video-invites.jp.aptoide.com,https://video-invites.jp.aptoide.com/app,0,0,competitors,general,
video-invites.ro.aptoide.com,https://video-invites.ro.aptoide.com/app,0,0,competitors,general,
video-invites.es.aptoide.com,https://video-invites.es.aptoide.com/app,0,0,competitors,general,
video-invites.gr.aptoide.com,https://video-invites.gr.aptoide.com/app,0,0,competitors,general,
wedmegood.ir.aptoide.com,https://wedmegood.ir.aptoide.com/app,0,0,competitors,general,
wedsta-by-wedmegood.kr.uptodown.com,https://wedsta-by-wedmegood.kr.uptodown.com/android/download,0,0,competitors,general,
magicalinvite.com,https://www.magicalinvite.com/,7,0,competitors,general,
wedsta-by-wedmegood.ru.uptodown.com,https://wedsta-by-wedmegood.ru.uptodown.com/android,0,0,competitors,general,
wedsta-by-wedmegood.fr.uptodown.com,https://wedsta-by-wedmegood.fr.uptodown.com/android,0,0,competitors,general,
wedmegood.ar.aptoide.com,https://wedmegood.ar.aptoide.com/app,0,0,competitors,general,
wedmegood-wedding-planner.de.uptodown.com,https://wedmegood-wedding-planner.de.uptodown.com/android/download,0,0,competitors,general,
wedsta-by-wedmegood.in.uptodown.com,https://wedsta-by-wedmegood.in.uptodown.com/android/download,0,0,competitors,general,
invitoai.blogproducer.com,https://invitoai.blogproducer.com/46761198/invitoai-the-smart-way-to-create-stunning-digital-video-invitations,0,0,competitors,general,
akshaysansare.com,https://www.akshaysansare.com/,9,0,competitors,general,
siansh.co.in,https://siansh.co.in/,8,0,competitors,general,
wedmegood.es.aptoide.com,https://wedmegood.es.aptoide.com/app,0,0,competitors,general,
allpictureslifetime.blogspot.com,https://allpictureslifetime.blogspot.com/2021/07/simple-yet-elegant-we-did-not-find.html,2,0,competitors,blog,
studiovisionphotography.com,https://studiovisionphotography.com/,9,0,competitors,general,
thefashionflite.com,http://www.thefashionflite.com/,5,0,competitors,general,
invito-video-invitation-maker.it.uptodown.com,https://invito-video-invitation-maker.it.uptodown.com/android/download,0,0,competitors,general,
wedmegood.bg.aptoide.com,https://wedmegood.bg.aptoide.com/app,0,0,competitors,general,
wedmegood-for-business.br.aptoide.com,https://wedmegood-for-business.br.aptoide.com/app,0,0,competitors,general,
video-invites.pt.aptoide.com,https://video-invites.pt.aptoide.com/app,0,0,competitors,general,
invitai.blogsidea.com,https://invitai.blogsidea.com/45812321/invitoai-bringing-life-to-event-invitations-through-digital-video,0,0,competitors,general,
studiofinearts.in,https://studiofinearts.in/,7,0,competitors,general,
wedmegood-wedding-planner.ru.uptodown.com,https://wedmegood-wedding-planner.ru.uptodown.com/android,0,0,competitors,general,
strangesadhu.myportfolio.com,https://strangesadhu.myportfolio.com/a-star-studded-wedding,0,0,competitors,general,
invito-video-invitation-maker.kr.uptodown.com,https://invito-video-invitation-maker.kr.uptodown.com/android/download,0,0,competitors,general,
innovativeweddingindia.com,https://innovativeweddingindia.com/,2,0,competitors,general,
deenasmakeover.in,https://deenasmakeover.in/best-bridal-makeup-artist-in-kolkata/,8,0,competitors,general,
wedmegood-for-business.mm.aptoide.com,https://wedmegood-for-business.mm.aptoide.com/app,0,0,competitors,general,
wedmegood.id.aptoide.com,https://wedmegood.id.aptoide.com/app,0,0,competitors,general,
wedmegood-wedding-planner.id.uptodown.com,https://wedmegood-wedding-planner.id.uptodown.com/android/download,0,0,competitors,general,
video-invites.vn.aptoide.com,https://video-invites.vn.aptoide.com/app,0,0,competitors,general,
droidinfinity.com,https://droidinfinity.com/,5,0,competitors,general,
wedmegood-wedding-planner.updatestar.com,https://wedmegood-wedding-planner.updatestar.com/download,0,0,competitors,general,
video-invites.pa.aptoide.com,https://video-invites.pa.aptoide.com/app,0,0,competitors,general,
wedmegood-for-business.tr.aptoide.com,https://wedmegood-for-business.tr.aptoide.com/app,0,0,competitors,general,
wedsta-by-wedmegood.ar.uptodown.com,https://wedsta-by-wedmegood.ar.uptodown.com/android,0,0,competitors,general,
androidrank.appspot.com,https://androidrank.appspot.com/developer?id=7907734085543736597,2,0,competitors,general,
gurimakeuparitst123.stck.me,https://gurimakeuparitst123.stck.me/post/126728/Best-Makeup-Artist-in-Jalandhar-Guri-Makeup-Artist,0,0,competitors,general,
invitoai.develop-blog.com,https://invitoai.develop-blog.com/46840645/invitoai-a-new-standard-for-digital-event-invitations,0,0,competitors,general,
wedmegood.br.aptoide.com,https://wedmegood.br.aptoide.com/app,0,0,competitors,general,
wedsta-by-wedmegood.tr.uptodown.com,https://wedsta-by-wedmegood.tr.uptodown.com/android/download,0,0,competitors,general,
video-invites.it.uptodown.com,https://video-invites.it.uptodown.com/android/download,0,0,competitors,general,
wedsta-by-wedmegood.jp.uptodown.com,https://wedsta-by-wedmegood.jp.uptodown.com/android/download,0,0,competitors,general,
theweddingstudioindia.com,https://www.theweddingstudioindia.com/,7,0,competitors,general,
wedmegood.en.aptoide.com,https://wedmegood.en.aptoide.com/app,0,0,competitors,general,
eventexpertz.com,https://eventexpertz.com/,10,0,competitors,general,
wedmegood-for-business.cn.aptoide.com,https://wedmegood-for-business.cn.aptoide.com/app,0,0,competitors,general,
invito-video-invitation-maker.vi.uptodown.com,https://invito-video-invitation-maker.vi.uptodown.com/android/download,0,0,competitors,general,
video-invites.hu.aptoide.com,https://video-invites.hu.aptoide.com/app,0,0,competitors,general,
wedsta-by-wedmegood.br.uptodown.com,https://wedsta-by-wedmegood.br.uptodown.com/android,0,0,competitors,general,
wedmegood-for-business.bg.aptoide.com,https://wedmegood-for-business.bg.aptoide.com/app,0,0,competitors,general,
invito-video-invitation-maker.cn.uptodown.com,https://invito-video-invitation-maker.cn.uptodown.com/android/download,0,0,competitors,general,
clearos.app,https://www.clearos.app/app/com.videoinvites.app,19,0,competitors,general,
wedmegood-for-business.vn.aptoide.com,https://wedmegood-for-business.vn.aptoide.com/app,0,0,competitors,general,
wedmegood-for-business.jp.aptoide.com,https://wedmegood-for-business.jp.aptoide.com/app,0,0,competitors,general,
lesetroits.com,https://www.lesetroits.com/2t0l7/pre-wedding-status-for-whatsapp.html,8,0,competitors,general,
wedmegood.hu.aptoide.com,https://wedmegood.hu.aptoide.com/app,0,0,competitors,general,
droidinfinity.xyz,https://droidinfinity.xyz/,6,0,competitors,general,
video-invites.th.aptoide.com,https://video-invites.th.aptoide.com/app,0,0,competitors,general,
gotalt.com,https://gotalt.com/sites/mazoom-sa,3,0,competitors,general,
fau.ufal.br,https://fau.ufal.br/grupopesquisa/estudosdapaisagem/seo-cartel-in-telegram-seo-backlinks-bulk-link-5/,48,0,competitors,general,
beenasharmablog.page.tl,https://beenasharmablog.page.tl/Wedding-Cards-For-Grand-Wedding.htm,0,0,competitors,general,
wedmegood-for-business.mr.aptoide.com,https://wedmegood-for-business.mr.aptoide.com/app,0,0,competitors,general,
wedmegood.in.aptoide.com,https://wedmegood.in.aptoide.com/app,0,0,competitors,general,
maics2023.uca.ma,http://maics2023.uca.ma/?p=425921,47,0,competitors,general,
wedmegood.fr.aptoide.com,https://wedmegood.fr.aptoide.com/app,0,0,competitors,general,
video-invites.ru.uptodown.com,https://video-invites.ru.uptodown.com/android,0,0,competitors,general,
topsitessearch.com,https://www.topsitessearch.com/invitoai.com/,6,0,competitors,general,
p.eurekster.com,https://p.eurekster.com/?apdiv=Submit&id&search=Invitation%20Maker,6,0,competitors,general,
wedsta-by-wedmegood.it.uptodown.com,https://wedsta-by-wedmegood.it.uptodown.com/android/download,0,0,competitors,general,
video-invites.ir.aptoide.com,https://video-invites.ir.aptoide.com/app,0,0,competitors,general,
wedmegood-for-business.pl.aptoide.com,https://wedmegood-for-business.pl.aptoide.com/app,0,0,competitors,general,
wedmegood-for-business.ir.aptoide.com,https://wedmegood-for-business.ir.aptoide.com/app,0,0,competitors,general,
video-invites.tr.aptoide.com,https://video-invites.tr.aptoide.com/app,0,0,competitors,general,
video-invites.ro.uptodown.com,https://video-invites.ro.uptodown.com/android/download,0,0,competitors,general,
wedmegood-for-business.ua.aptoide.com,https://wedmegood-for-business.ua.aptoide.com/app,0,0,competitors,general,
webalts.com,https://webalts.com/website-alternatives/videoinvites-net,4,0,competitors,general,
cupiddiaries.com,https://cupiddiaries.com/,9,0,competitors,general,
video-invites.en.aptoide.com,https://video-invites.en.aptoide.com/app,0,0,competitors,general,
wedmegood-for-business.en.aptoide.com,https://wedmegood-for-business.en.aptoide.com/app,0,0,competitors,general,
video-invites.de.uptodown.com,https://video-invites.de.uptodown.com/android/download,0,0,competitors,general,
wedmegood-wedding-planner.br.uptodown.com,https://wedmegood-wedding-planner.br.uptodown.com/android,0,0,competitors,general,
cranberryblue.in,https://www.cranberryblue.in/,8,0,competitors,general,
wedmegood-wedding-planner.th.uptodown.com,https://wedmegood-wedding-planner.th.uptodown.com/android/download,0,0,competitors,general,
video-invites.ua.aptoide.com,https://video-invites.ua.aptoide.com/app,0,0,competitors,general,
video-invites.mm.aptoide.com,https://video-invites.mm.aptoide.com/app,0,0,competitors,general,
makeupbyskv.com,https://makeupbyskv.com/,7,0,competitors,general,
video-invites.in.aptoide.com,https://video-invites.in.aptoide.com/app,0,0,competitors,general,
video-invites.id.uptodown.com,https://video-invites.id.uptodown.com/android/download,0,0,competitors,general,
wedmegood.it.aptoide.com,https://wedmegood.it.aptoide.com/app,0,0,competitors,general,
video-invites.it.aptoide.com,https://video-invites.it.aptoide.com/app,0,0,competitors,general,
clicksunlimitedphotography.com,http://clicksunlimitedphotography.com/index-89.html,2,0,competitors,general,
wedmegood.jp.aptoide.com,https://wedmegood.jp.aptoide.com/app,0,0,competitors,general,
wedmegood-wedding-planner.cn.uptodown.com,https://wedmegood-wedding-planner.cn.uptodown.com/android/download,0,0,competitors,general,
wedmegood-for-business.pa.aptoide.com,https://wedmegood-for-business.pa.aptoide.com/app,0,0,competitors,general,
ramsevent.com,https://ramsevent.com/services/dancers-artist-management-service-in-alwar/,9,0,competitors,general,
madamplanners.in,https://madamplanners.in/,2,0,competitors,general,
trmevent.com,https://trmevent.com/,2,0,competitors,general,
wedmegood-wedding-planner.in.uptodown.com,https://wedmegood-wedding-planner.in.uptodown.com/android/download,0,0,competitors,general,
wedmegood-wedding-planner.jp.uptodown.com,https://wedmegood-wedding-planner.jp.uptodown.com/android/download,0,0,competitors,general,
wedmegood-for-business.it.aptoide.com,https://wedmegood-for-business.it.aptoide.com/app,0,0,competitors,general,
blingyourwedding.wordpress.com,https://blingyourwedding.wordpress.com/,2,0,competitors,blog,
ecelebrityspy.com,https://ecelebrityspy.com/entertainment/love-life-of-arjun-gupta-know-about-his-wife-,5,0,competitors,general,
video-invites.en.uptodown.com,https://video-invites.en.uptodown.com/android,0,0,competitors,general,
sadhgurucatering.com,https://sadhgurucatering.com/,21,0,competitors,general,
video-invites.bd.aptoide.com,https://video-invites.bd.aptoide.com/app,0,0,competitors,general,
wedmegood-for-business.rs.aptoide.com,https://wedmegood-for-business.rs.aptoide.com/app,0,0,competitors,general,
wedmegood-for-business.ar.aptoide.com,https://wedmegood-for-business.ar.aptoide.com/app,0,0,competitors,general,
video-invites.kr.uptodown.com,https://video-invites.kr.uptodown.com/android/download,0,0,competitors,general,
prashantarts.com,https://prashantarts.com/live-painting-artist-india/,8,0,competitors,general,
wedmegood-for-business.hu.aptoide.com,https://wedmegood-for-business.hu.aptoide.com/app,0,0,competitors,general,
shubhmayamweddings.com,https://www.shubhmayamweddings.com/,8,0,competitors,general,
video-invites.jp.uptodown.com,https://video-invites.jp.uptodown.com/android/download,0,0,competitors,general,
invito-video-invitation-maker.in.uptodown.com,https://invito-video-invitation-maker.in.uptodown.com/android/download,0,0,competitors,general,
invitoai.blogprodesign.com,https://invitoai.blogprodesign.com/60215925/how-to-make-video-templates-with-invitoai-a-step-by-step-guide,0,0,competitors,general,
invito-video-invitation-maker.br.uptodown.com,https://invito-video-invitation-maker.br.uptodown.com/android,0,0,competitors,general,
pinksndpeaches.com.sitescorechecker.com,https://pinksndpeaches.com.sitescorechecker.com/,0,0,competitors,general,
wedmegood-for-business.fr.aptoide.com,https://wedmegood-for-business.fr.aptoide.com/app,0,0,competitors,general,
video-invites.mr.aptoide.com,https://video-invites.mr.aptoide.com/app,0,0,competitors,general,
wedmegood.kr.aptoide.com,https://wedmegood.kr.aptoide.com/app,0,0,competitors,general,
wedmegood-for-business.in.aptoide.com,https://wedmegood-for-business.in.aptoide.com/app,0,0,competitors,general,
prosystemservices.com,https://www.prosystemservices.com/news/16-best-asian-wedding-blogs-follow-2017/,9,0,competitors,news,
invitoai.bloggerbags.com,https://invitoai.bloggerbags.com/44651834/digital-video-invitations-redefining-how-we-invite,0,0,competitors,general,
video-invites.fr.uptodown.com,https://video-invites.fr.uptodown.com/android,0,0,competitors,general,
wedmegood-wedding-planner.ar.uptodown.com,https://wedmegood-wedding-planner.ar.uptodown.com/android,0,0,competitors,general,
ecataleg.vila-seca.cat,https://ecataleg.vila-seca.cat/telegram-seo-linkk-mass-backlinking-black-seo-9-7/,35,0,competitors,general,
kalkifashion.com,https://www.kalkifashion.com/kalki-media,49,0,competitors,general,
invito-video-invitation-maker.ar.uptodown.com,https://invito-video-invitation-maker.ar.uptodown.com/android,0,0,competitors,general,
udlvirtual.esad.edu.br,https://udlvirtual.esad.edu.br/thread-ceremony-template/,4,0,competitors,general,
video-invites.id.aptoide.com,https://video-invites.id.aptoide.com/app,0,0,competitors,general,
beautestop.neocities.org,https://beautestop.neocities.org/,0,0,competitors,general,
wedsta-by-wedmegood.ro.uptodown.com,https://wedsta-by-wedmegood.ro.uptodown.com/android/download,0,0,competitors,general,
wedmegood-for-business.updatestar.com,https://wedmegood-for-business.updatestar.com/download,0,0,competitors,general,
wedsta-by-wedmegood.de.uptodown.com,https://wedsta-by-wedmegood.de.uptodown.com/android/download,0,0,competitors,general,
kyushu.food-stadium.com,http://kyushu.food-stadium.com/news-flash/page/5/,39,0,competitors,general,
classicrovers.in,https://classicrovers.in/weddings.html,2,0,competitors,general,
wedmegood-for-business.nl.aptoide.com,https://wedmegood-for-business.nl.aptoide.com/app,0,0,competitors,general,
weddingreels.in,https://www.weddingreels.in/,7,0,competitors,general,
wedmegood-for-business.gr.aptoide.com,https://wedmegood-for-business.gr.aptoide.com/app,0,0,competitors,general,
dbandspaces.com,https://dbandspaces.com/,9,0,competitors,general,
video-invites.ar.uptodown.com,https://video-invites.ar.uptodown.com/android,0,0,competitors,general,
wedsta-by-wedmegood.cn.uptodown.com,https://wedsta-by-wedmegood.cn.uptodown.com/android/download,0,0,competitors,general,
wedmegood-for-business.es.aptoide.com,https://wedmegood-for-business.es.aptoide.com/app,0,0,competitors,general,
wedmegood-for-business.de.aptoide.com,https://wedmegood-for-business.de.aptoide.com/app,0,0,competitors,general,
wedmegood-wedding-planner.kr.uptodown.com,https://wedmegood-wedding-planner.kr.uptodown.com/android/download,0,0,competitors,general,
invitoai.blog-gold.com,https://invitoai.blog-gold.com/53663406/how-to-make-video-invitations-for-different-events,0,0,competitors,general,
vintageindianclothing.com,https://vintageindianclothing.com/,19,0,competitors,general,
mpireweddings.com,https://www.mpireweddings.com/,8,0,competitors,general,
icecube.wedding,https://icecube.wedding/,2,0,competitors,general,
video-invites.ar.aptoide.com,https://video-invites.ar.aptoide.com/app,0,0,competitors,general,
wedmegood-for-business.my.aptoide.com,https://wedmegood-for-business.my.aptoide.com/app,0,0,competitors,general,
wedmegood-for-business.pt.aptoide.com,https://wedmegood-for-business.pt.aptoide.com/app,0,0,competitors,general,
licence-pro-biotechnologies.universite-paris-saclay.fr,https://www.licence-pro-biotechnologies.universite-paris-saclay.fr/?l=10169814,0,0,competitors,general,
wedmegood-for-business.id.aptoide.com,https://wedmegood-for-business.id.aptoide.com/app,0,0,competitors,general,
brookesilvermanphotography.com,https://www.brookesilvermanphotography.com/,10,0,competitors,general,
wedmegood-wedding-planner.ro.uptodown.com,https://wedmegood-wedding-planner.ro.uptodown.com/android/download,0,0,competitors,general,
wedmegood-for-business.ro.aptoide.com,https://wedmegood-for-business.ro.aptoide.com/app,0,0,competitors,general,
invitoai.blogrenanda.com,https://invitoai.blogrenanda.com/45863736/invitoai-a-new-era-of-digital-video-invitations-for-modern-celebrations,0,0,competitors,general,
wedmegood.mr.aptoide.com,https://wedmegood.mr.aptoide.com/app,0,0,competitors,general,
invito-video-invitation-maker.de.uptodown.com,https://invito-video-invitation-maker.de.uptodown.com/android/download,0,0,competitors,general,
theweddingconteurs.com,https://www.theweddingconteurs.com/,8,0,competitors,general,
video-invites.fr.aptoide.com,https://video-invites.fr.aptoide.com/app,0,0,competitors,general,
video-invites.rs.aptoide.com,https://video-invites.rs.aptoide.com/app,0,0,competitors,general,
invitoai.store,https://invitoai.store/products/birthday-invitation-video-ai-1054,9,0,competitors,general,
invito-video-invitation-maker.ro.uptodown.com,https://invito-video-invitation-maker.ro.uptodown.com/android/download,0,0,competitors,general,
invitoai.bloggerswise.com,https://invitoai.bloggerswise.com/47101159/digital-video-invitations-a-smarter-way-to-celebrate-and-connect,0,0,competitors,general,
stackoverflow.forums.wiki,https://stackoverflow.forums.wiki/viewtopic.php?t=316604,2,0,competitors,forum,
video-invites.my.aptoide.com,https://video-invites.my.aptoide.com/app,0,0,competitors,general,
wedmegood-wedding-planner.en.uptodown.com,https://wedmegood-wedding-planner.en.uptodown.com/android,0,0,competitors,general,
infiniteart.in,https://infiniteart.in/workshop/,7,0,competitors,general,
wedmegood-wedding-planner.vi.uptodown.com,https://wedmegood-wedding-planner.vi.uptodown.com/android/download,0,0,competitors,general,
wedmegood-for-business.ru.aptoide.com,https://wedmegood-for-business.ru.aptoide.com/app,0,0,competitors,general,
jaylenschallenge.org,https://jaylenschallenge.org/?j=63918223,6,0,competitors,general,
invito-video-invitation-maker.jp.uptodown.com,https://invito-video-invitation-maker.jp.uptodown.com/android/download,0,0,competitors,general,
wedmegood.cn.aptoide.com,https://wedmegood.cn.aptoide.com/app,0,0,competitors,general,
wedsta-by-wedmegood.en.uptodown.com,https://wedsta-by-wedmegood.en.uptodown.com/android,0,0,competitors,general,
wedmegood-for-business.kr.aptoide.com,https://wedmegood-for-business.kr.aptoide.com/app,0,0,competitors,general,
invitao.ambien-blog.com,https://invitao.ambien-blog.com/45786062/create-stunning-video-invitations-for-every-occasion,0,0,competitors,general,
video-invites.in.uptodown.com,https://video-invites.in.uptodown.com/android/download,0,0,competitors,general,
wedsta-by-wedmegood.th.uptodown.com,https://wedsta-by-wedmegood.th.uptodown.com/android/download,0,0,competitors,general,
ikigaiiplanners.com,https://www.ikigaiiplanners.com/,9,0,competitors,general,
video-invites.br.aptoide.com,https://video-invites.br.aptoide.com/app,0,0,competitors,general,
appgoblin.info,https://appgoblin.info/apps/com.videoinvites.app,5,0,competitors,general,
invitoai.blogrelation.com,https://invitoai.blogrelation.com/45645452/invitoai-elevating-event-invitations-with-ai-powered-video-creativity,0,0,competitors,general,
video-invites.tr.uptodown.com,https://video-invites.tr.uptodown.com/android/download,0,0,competitors,general,
video-invites.cn.aptoide.com,https://video-invites.cn.aptoide.com/app,0,0,competitors,general,
thewhitehall.net,http://www.thewhitehall.net/,11,0,competitors,general,
video-invites.nl.aptoide.com,https://video-invites.nl.aptoide.com/app,0,0,competitors,general,
magicinvite.in,https://magicinvite.in/blog,2,0,keywords,blog,
myphotosboat.blogspot.com,https://myphotosboat.blogspot.com/2021/08/pastel-floral-cake-pastel-flowers.html,2,0,competitors,blog,
video-invites.bg.aptoide.com,https://video-invites.bg.aptoide.com/app,0,0,competitors,general,
video-invites.ru.aptoide.com,https://video-invites.ru.aptoide.com/app,0,0,competitors,general,
invito-video-invitation-maker.th.uptodown.com,https://invito-video-invitation-maker.th.uptodown.com/android/download,0,0,competitors,general,
kmmatrimonychennai.blogspot.com,https://kmmatrimonychennai.blogspot.com/,2,0,competitors,blog,
bmpweddings.in,https://bmpweddings.in/,10,0,competitors,general,
video-invites.cn.uptodown.com,https://video-invites.cn.uptodown.com/android/download,0,0,competitors,general,
okayindia.co.in,https://okayindia.co.in/my-video/wedding-invitation,8,0,competitors,general,
wedmegood-wedding-planner.it.uptodown.com,https://wedmegood-wedding-planner.it.uptodown.com/android/download,0,0,competitors,general,
wedmegood-for-business.th.aptoide.com,https://wedmegood-for-business.th.aptoide.com/app,0,0,competitors,general,
danceteambyvickky.in,https://www.danceteambyvickky.in/dance-choreography/best-wedding-choreographers-in-delhi,10,0,competitors,general,
topwebsiterank.com,https://topwebsiterank.com/en/keyword/invitation%20maker?pageSize=20&sortDirection=asc&sortField=global_rank,2,0,competitors,general,
invito-video-invitation-maker.id.uptodown.com,https://invito-video-invitation-maker.id.uptodown.com/android/download,0,0,competitors,general,
invitoai.blogoscience.com,https://invitoai.blogoscience.com/45726505/invitoai-transforming-invitations-with-creative-video-templates,0,0,competitors,general,
daytriplearning.pec.org.pk,http://daytriplearning.pec.org.pk/2025/02/11/telegram-t-me-seo-anomaly-seo-backlinks-cross-8-5/,40,0,competitors,general,
wedsta-by-wedmegood.id.uptodown.com,https://wedsta-by-wedmegood.id.uptodown.com/android/download,0,0,competitors,general,
weddingbuffsnarrrative.home.blog,https://weddingbuffsnarrrative.home.blog/tag/gift-registry/,0,0,competitors,general,
video-invites.pl.aptoide.com,https://video-invites.pl.aptoide.com/app,0,0,competitors,general,
video-invites.kr.aptoide.com,https://video-invites.kr.aptoide.com/app,0,0,competitors,general,
invitoai.bloggosite.com,https://invitoai.bloggosite.com/46591658/digital-video-invitations-transforming-event-invitations-in-the-digital-era,0,0,competitors,general,
wedmegood-wedding-planner.fr.uptodown.com,https://wedmegood-wedding-planner.fr.uptodown.com/android,0,0,competitors,general,
invito-video-invitation-maker.tr.uptodown.com,https://invito-video-invitation-maker.tr.uptodown.com/android/download,0,0,competitors,general,
invito-video-invitation-maker.ru.uptodown.com,https://invito-video-invitation-maker.ru.uptodown.com/android,0,0,competitors,general,
wedmegood-wedding-planner.tr.uptodown.com,https://wedmegood-wedding-planner.tr.uptodown.com/android/download,0,0,competitors,general,
vivahasutra.com,https://www.vivahasutra.com/,2,0,competitors,general,
video-invites.vi.uptodown.com,https://video-invites.vi.uptodown.com/android/download,0,0,competitors,general,
wedmegood.gr.aptoide.com,https://wedmegood.gr.aptoide.com/app,0,0,competitors,general,
wedmegood-for-business.bd.aptoide.com,https://wedmegood-for-business.bd.aptoide.com/app,0,0,competitors,general,
lookwhatmomfound.com,https://lookwhatmomfound.com/favorite-25-blogs,35,0,competitors,general,
video-invites.de.aptoide.com,https://video-invites.de.aptoide.com/app,0,0,competitors,general,
invito-video-invitation-maker.en.uptodown.com,https://invito-video-invitation-maker.en.uptodown.com/android,0,0,competitors,general,
wedmegood.mm.aptoide.com,https://wedmegood.mm.aptoide.com/app,0,0,competitors,general,
invito-video-invitation-maker.fr.uptodown.com,https://invito-video-invitation-maker.fr.uptodown.com/android,0,0,competitors,general,
wedmegood.bd.aptoide.com,https://wedmegood.bd.aptoide.com/app,0,0,competitors,general,
video-invites.br.uptodown.com,https://video-invites.br.uptodown.com/android,0,0,competitors,general,
video-invites.th.uptodown.com,https://video-invites.th.uptodown.com/android/download,0,0,competitors,general,
wedsta-by-wedmegood.vi.uptodown.com,https://wedsta-by-wedmegood.vi.uptodown.com/android/download,0,0,competitors,general,
pobeda.altspu.ru,https://pobeda.altspu.ru/2025/02/11/telegram-t-me-seo-anomaly-seo-backlinks-cross-8-3/,37,0,competitors,general,
wedmegood.de.aptoide.com,https://wedmegood.de.aptoide.com/app,0,0,competitors,general,
